idx,class,is_fg,gt_count,pred_count,tp,fp,fn,iou,recall,precision,cost
0,wall,0,0,0,0,0,0,0.0000,0.0000,0.0000,0
1,chair,1,2491617,1314846,1254352,60494,1237265,0.4915,0.5034,0.9540,1237265
2,floor,0,0,0,0,0,0,0.0000,0.0000,0.0000,0
3,table,1,1224698,1070620,851547,219073,373151,0.5898,0.6953,0.7954,373151
4,door,1,1291634,1139657,840261,299396,451373,0.5281,0.6505,0.7373,451372
5,couch,1,789769,774737,676067,98670,113702,0.7610,0.8560,0.8726,113702
6,cabinet,1,758107,207686,133415,74271,624692,0.1603,0.1760,0.6424,624692
7,shelf,1,1169879,626609,359204,267405,810675,0.2499,0.3070,0.5733,810674
8,desk,1,655163,637674,389076,248598,266087,0.4305,0.5939,0.6101,266087
9,office chair,1,285717,978827,247828,730999,37889,0.2438,0.8674,0.2532,37888
10,bed,1,841283,854700,713713,140987,127570,0.7266,0.8484,0.8350,127570
11,pillow,1,153508,25721,15658,10063,137850,0.0957,0.1020,0.6088,137850
12,sink,1,102489,110335,76369,33966,26120,0.5597,0.7451,0.6922,26120
13,picture,1,184537,82559,61841,20718,122696,0.3013,0.3351,0.7491,122695
14,window,1,1385131,1096729,823809,272920,561322,0.4969,0.5948,0.7512,561321
15,toilet,1,112313,121049,106660,14389,5653,0.8418,0.9497,0.8811,5652
16,bookshelf,1,1125319,1808296,921070,887226,204249,0.4577,0.8185,0.5094,204248
17,monitor,1,227788,227899,198888,29011,28900,0.7745,0.8731,0.8727,28899
18,curtain,1,657363,523346,452350,70996,205013,0.6211,0.6881,0.8643,205013
19,book,1,352186,77,47,30,352139,0.0001,0.0001,0.6104,352139
20,armchair,1,320557,281916,169355,112561,151202,0.3910,0.5283,0.6007,151202
21,coffee table,1,158142,148139,90769,57370,67373,0.4212,0.5740,0.6127,67373
22,box,1,178867,82276,45613,36663,133254,0.2116,0.2550,0.5544,133254
23,refrigerator,1,175596,229689,134179,95510,41417,0.4949,0.7641,0.5842,41417
24,lamp,1,73853,78683,56741,21942,17112,0.5923,0.7683,0.7211,17112
25,kitchen cabinet,1,448065,513512,389098,124414,58967,0.6797,0.8684,0.7577,58966
26,towel,1,68433,61523,39644,21879,28789,0.4390,0.5793,0.6444,28789
27,clothes,1,70058,79187,16759,62428,53299,0.1265,0.2392,0.2116,53298
28,tv,1,144936,152664,128632,24032,16304,0.7613,0.8875,0.8426,16303
29,nightstand,1,72312,77528,56910,20618,15402,0.6124,0.7870,0.7341,15402
30,counter,1,83805,133505,36829,96676,46976,0.2041,0.4395,0.2759,46976
31,dresser,1,121397,205281,80833,124448,40564,0.3288,0.6659,0.3938,40563
32,stool,1,40703,177079,29829,147250,10874,0.1587,0.7328,0.1685,10873
33,cushion,1,1192,6762,0,6762,1192,0.0000,0.0000,0.0000,1192
34,plant,1,150760,165885,139594,26291,11166,0.7884,0.9259,0.8415,11166
35,ceiling,0,0,0,0,0,0,0.0000,0.0000,0.0000,0
36,bathtub,1,96355,85035,78042,6993,18313,0.7551,0.8099,0.9178,18313
37,end table,1,44028,36222,3843,32379,40185,0.0503,0.0873,0.1061,40185
38,dining table,1,32397,80064,4723,75341,27674,0.0438,0.1458,0.0590,27674
39,keyboard,1,13631,36813,8773,28040,4858,0.2105,0.6436,0.2383,4858
40,bag,1,47668,34430,6167,28263,41501,0.0812,0.1294,0.1791,41501
41,backpack,1,151949,87364,66619,20745,85330,0.3858,0.4384,0.7625,85330
42,toilet paper,1,11644,10226,4515,5711,7129,0.2602,0.3878,0.4415,7129
43,printer,1,33240,87593,18760,68833,14480,0.1838,0.5644,0.2142,14480
44,tv stand,1,44225,101352,39787,61565,4438,0.3761,0.8996,0.3926,4438
45,whiteboard,1,323582,219672,139805,79867,183777,0.3465,0.4321,0.6364,183777
46,blanket,1,50597,30312,4260,26052,46337,0.0556,0.0842,0.1405,46337
47,shower curtain,1,158208,164236,121537,42699,36671,0.6049,0.7682,0.7400,36671
48,trash can,1,298994,56975,44503,12472,254491,0.1429,0.1488,0.7811,254491
49,closet,1,58512,247535,16963,230572,41549,0.0587,0.2899,0.0685,41549
50,stairs,1,39277,53374,30592,22782,8685,0.4930,0.7789,0.5732,8684
51,microwave,1,24954,26164,11274,14890,13680,0.2830,0.4518,0.4309,13679
52,stove,1,64264,65108,26630,38478,37634,0.2592,0.4144,0.4090,37634
53,shoe,1,28414,7476,6367,1109,22047,0.2157,0.2241,0.8517,22047
54,computer tower,1,42974,98421,21331,77090,21643,0.1777,0.4964,0.2167,21643
55,bottle,1,5243,157,17,140,5226,0.0032,0.0032,0.1083,5226
56,bin,1,10635,2864,2,2862,10633,0.0001,0.0002,0.0007,10633
57,ottoman,1,40451,79329,11074,68255,29377,0.1019,0.2738,0.1396,29377
58,bench,1,57763,192038,35520,156518,22243,0.1658,0.6149,0.1850,22243
59,board,1,46814,283724,12360,271364,34454,0.0388,0.2640,0.0436,34454
60,washing machine,1,259525,246337,201920,44417,57605,0.6643,0.7780,0.8197,57604
61,mirror,1,83421,92443,45856,46587,37565,0.3527,0.5497,0.4960,37565
62,copier,1,99703,7670,4410,3260,95293,0.0428,0.0442,0.5750,95293
63,basket,1,3790,15603,10,15593,3780,0.0005,0.0026,0.0006,3780
64,sofa chair,1,85667,90755,2454,88301,83213,0.0141,0.0286,0.0270,83213
65,file cabinet,1,83715,136844,40193,96651,43522,0.2228,0.4801,0.2937,43522
66,fan,1,21521,23546,4971,18575,16550,0.1240,0.2310,0.2111,16550
67,laptop,1,16199,35714,7945,27769,8254,0.1807,0.4905,0.2225,8254
68,shower,1,86359,63879,8402,55477,77957,0.0592,0.0973,0.1315,77957
69,paper,1,11374,30954,2094,28860,9280,0.0520,0.1841,0.0676,9280
70,person,1,10164,9450,1941,7509,8223,0.1098,0.1910,0.2054,8223
71,paper towel dispenser,1,24821,40409,15675,24734,9146,0.3163,0.6315,0.3879,9146
72,oven,1,16493,155568,9246,146322,7247,0.0568,0.5606,0.0594,7247
73,blinds,1,150500,308447,42641,265806,107859,0.1024,0.2833,0.1382,107859
74,rack,1,19605,118628,76,118552,19529,0.0006,0.0039,0.0006,19529
75,plate,1,1272,144,0,144,1272,0.0000,0.0000,0.0000,1272
76,blackboard,1,132609,108362,45280,63082,87329,0.2314,0.3415,0.4179,87329
77,piano,1,25457,13247,7206,6041,18251,0.2288,0.2831,0.5440,18251
78,suitcase,1,37727,61805,15593,46212,22134,0.1858,0.4133,0.2523,22134
79,rail,1,30939,11429,182,11247,30757,0.0043,0.0059,0.0159,30757
80,radiator,1,96438,4962,3473,1489,92965,0.0355,0.0360,0.6999,92965
81,recycling bin,1,46775,39956,12105,27851,34670,0.1622,0.2588,0.3030,34670
82,container,1,6391,806,0,806,6391,0.0000,0.0000,0.0000,6391
83,wardrobe,1,73596,48043,17510,30533,56086,0.1682,0.2379,0.3645,56086
84,soap dispenser,1,6394,6916,771,6145,5623,0.0615,0.1206,0.1115,5623
85,telephone,1,10534,6491,892,5599,9642,0.0553,0.0847,0.1374,9642
86,bucket,1,7963,40413,2193,38220,5770,0.0475,0.2754,0.0543,5770
87,clock,1,9110,2273,1622,651,7488,0.1662,0.1780,0.7136,7488
88,stand,1,874,2865,0,2865,874,0.0000,0.0000,0.0000,874
89,light,1,21783,542,110,432,21673,0.0050,0.0050,0.2030,21673
90,laundry basket,1,20327,36311,2227,34084,18100,0.0409,0.1096,0.0613,18100
91,pipe,1,11043,265,0,265,11043,0.0000,0.0000,0.0000,11043
92,clothes dryer,1,206786,92592,16785,75807,190001,0.0594,0.0812,0.1813,190001
93,guitar,1,3535,3620,0,3620,3535,0.0000,0.0000,0.0000,3535
94,toilet paper holder,1,866,11279,612,10667,254,0.0531,0.7067,0.0543,253
95,seat,1,44964,125124,1815,123309,43149,0.0108,0.0404,0.0145,43149
96,speaker,1,348,10234,1,10233,347,0.0001,0.0029,0.0001,347
97,column,1,14863,30295,6414,23881,8449,0.1655,0.4315,0.2117,8449
98,bicycle,1,0,18912,0,18912,0,0.0000,0.0000,0.0000,0
99,ladder,1,19611,23992,7905,16087,11706,0.2214,0.4031,0.3295,11706
100,bathroom stall,1,163978,189012,117594,71418,46384,0.4996,0.7171,0.6222,46384
101,shower wall,1,206670,153785,119463,34322,87207,0.4957,0.5780,0.7768,87207
102,cup,1,4484,1884,213,1671,4271,0.0346,0.0475,0.1131,4271
103,jacket,1,25024,24487,1616,22871,23408,0.0337,0.0646,0.0660,23408
104,storage bin,1,15075,43465,794,42671,14281,0.0137,0.0527,0.0183,14281
105,coffee maker,1,4028,9863,3254,6609,774,0.3059,0.8078,0.3299,774
106,dishwasher,1,14397,20009,4692,15317,9705,0.1579,0.3259,0.2345,9705
107,paper towel roll,1,3735,747,359,388,3376,0.0871,0.0961,0.4806,3376
108,machine,1,16905,2058,1494,564,15411,0.0855,0.0884,0.7259,15411
109,mat,1,20914,29373,10889,18484,10025,0.2764,0.5207,0.3707,10025
110,windowsill,1,40309,78066,9491,68575,30818,0.0872,0.2355,0.1216,30818
111,bar,1,4044,28035,0,28035,4044,0.0000,0.0000,0.0000,4044
112,toaster,1,801,5455,0,5455,801,0.0000,0.0000,0.0000,801
113,bulletin board,1,24723,134547,17813,116734,6910,0.1259,0.7205,0.1324,6909
114,ironing board,1,10331,2051,0,2051,10331,0.0000,0.0000,0.0000,10331
115,fireplace,1,54806,101142,53299,47843,1507,0.5192,0.9725,0.5270,1507
116,soap dish,1,2474,288,117,171,2357,0.0442,0.0473,0.4062,2357
117,kitchen counter,1,125359,158872,91571,67301,33788,0.4753,0.7305,0.5764,33787
118,doorframe,1,185363,48464,10358,38106,175005,0.0464,0.0559,0.2137,175005
119,toilet paper dispenser,1,9687,16423,4873,11550,4814,0.2295,0.5030,0.2967,4814
120,mini fridge,1,45913,50063,305,49758,45608,0.0032,0.0066,0.0061,45608
121,fire extinguisher,1,2210,2006,20,1986,2190,0.0048,0.0090,0.0100,2190
122,ball,1,775,887,324,563,451,0.2422,0.4181,0.3653,451
123,hat,1,1172,152,0,152,1172,0.0000,0.0000,0.0000,1172
124,shower curtain rod,1,2088,13105,858,12247,1230,0.0599,0.4109,0.0655,1230
125,water cooler,1,5997,55791,141,55650,5856,0.0023,0.0235,0.0025,5856
126,paper cutter,1,5256,2330,141,2189,5115,0.0189,0.0268,0.0605,5115
127,tray,1,5920,101,0,101,5920,0.0000,0.0000,0.0000,5920
128,shower door,1,11953,165967,6154,159813,5799,0.0358,0.5148,0.0371,5799
129,pillar,1,51150,17182,9486,7696,41664,0.1612,0.1855,0.5521,41664
130,ledge,1,18949,5072,0,5072,18949,0.0000,0.0000,0.0000,18949
131,toaster oven,1,6631,27232,3482,23750,3149,0.1146,0.5251,0.1279,3149
132,mouse,1,350,0,0,0,350,0.0000,0.0000,0.0000,350
133,toilet seat cover dispenser,1,6613,240,26,214,6587,0.0038,0.0039,0.1083,6587
134,furniture,1,25829,25898,0,25898,25829,0.0000,0.0000,0.0000,25829
135,cart,1,76399,15255,10598,4657,65801,0.1307,0.1387,0.6947,65801
136,storage container,1,0,4404,0,4404,0,0.0000,0.0000,0.0000,0
137,scale,1,665,987,0,987,665,0.0000,0.0000,0.0000,665
138,tissue box,1,7744,5255,366,4889,7378,0.0290,0.0473,0.0696,7378
139,light switch,1,432,0,0,0,432,0.0000,0.0000,0.0000,432
140,crate,1,6964,39022,0,39022,6964,0.0000,0.0000,0.0000,6964
141,power outlet,1,711,0,0,0,711,0.0000,0.0000,0.0000,711
142,decoration,1,7108,77036,2514,74522,4594,0.0308,0.3537,0.0326,4594
143,sign,1,4912,9,0,9,4912,0.0000,0.0000,0.0000,4912
144,projector,1,283,1694,0,1694,283,0.0000,0.0000,0.0000,283
145,closet door,1,61243,158428,19483,138945,41760,0.0973,0.3181,0.1230,41760
146,vacuum cleaner,1,13615,26185,2911,23274,10704,0.0789,0.2138,0.1112,10704
147,candle,1,0,1140,0,1140,0,0.0000,0.0000,0.0000,0
148,plunger,1,613,0,0,0,613,0.0000,0.0000,0.0000,613
149,stuffed animal,1,228,5605,0,5605,228,0.0000,0.0000,0.0000,228
150,headphones,1,1002,0,0,0,1002,0.0000,0.0000,0.0000,1002
151,dish rack,1,3743,21410,286,21124,3457,0.0115,0.0764,0.0134,3457
152,broom,1,2714,604,0,604,2714,0.0000,0.0000,0.0000,2714
153,guitar case,1,0,48601,0,48601,0,0.0000,0.0000,0.0000,0
154,range hood,1,9483,17163,5874,11289,3609,0.2828,0.6194,0.3422,3609
155,dustpan,1,762,0,0,0,762,0.0000,0.0000,0.0000,762
156,hair dryer,1,1008,68,0,68,1008,0.0000,0.0000,0.0000,1008
157,water bottle,1,782,3074,0,3074,782,0.0000,0.0000,0.0000,782
158,handicap bar,1,599,938,1,937,598,0.0007,0.0017,0.0011,598
159,purse,1,0,3372,0,3372,0,0.0000,0.0000,0.0000,0
160,vent,1,770,67182,0,67182,770,0.0000,0.0000,0.0000,770
161,shower floor,1,2116,38701,2063,36638,53,0.0532,0.9750,0.0533,52
162,water pitcher,1,579,1215,0,1215,579,0.0000,0.0000,0.0000,579
163,mailbox,1,217967,0,0,0,217967,0.0000,0.0000,0.0000,217967
164,bowl,1,2014,342,0,342,2014,0.0000,0.0000,0.0000,2014
165,paper bag,1,5190,51080,1811,49269,3379,0.0333,0.3489,0.0355,3379
166,alarm clock,1,0,678,0,678,0,0.0000,0.0000,0.0000,0
167,music stand,1,0,2492,0,2492,0,0.0000,0.0000,0.0000,0
168,projector screen,1,50920,11923,5463,6460,45457,0.0952,0.1073,0.4582,45457
169,divider,1,29765,1165,0,1165,29765,0.0000,0.0000,0.0000,29765
170,laundry detergent,1,3266,1028,328,700,2938,0.0827,0.1004,0.3191,2938
171,bathroom counter,1,12396,71266,5609,65657,6787,0.0719,0.4525,0.0787,6787
172,object,1,125030,1,0,1,125030,0.0000,0.0000,0.0000,125030
173,bathroom vanity,1,81405,20962,11097,9865,70308,0.1216,0.1363,0.5294,70308
174,closet wall,1,23789,243196,3343,239853,20446,0.0127,0.1405,0.0137,20446
175,laundry hamper,1,19888,50905,1548,49357,18340,0.0224,0.0778,0.0304,18340
176,bathroom stall door,1,32283,115610,15746,99864,16537,0.1192,0.4877,0.1362,16537
177,ceiling light,1,14182,45339,12364,32975,1818,0.2622,0.8718,0.2727,1818
178,trash bin,1,26809,169782,10789,158993,16020,0.0581,0.4024,0.0635,16020
179,dumbbell,1,507,0,0,0,507,0.0000,0.0000,0.0000,507
180,stair rail,1,82499,58795,23108,35687,59391,0.1955,0.2801,0.3930,59391
181,tube,1,4879,1959,0,1959,4879,0.0000,0.0000,0.0000,4879
182,bathroom cabinet,1,28603,77092,18769,58323,9834,0.2159,0.6562,0.2435,9834
183,cd case,1,0,885,0,885,0,0.0000,0.0000,0.0000,0
184,closet rod,1,1144,8092,350,7742,794,0.0394,0.3059,0.0433,794
185,coffee kettle,1,817,13322,326,12996,491,0.0236,0.3990,0.0245,491
186,structure,1,0,16719,0,16719,0,0.0000,0.0000,0.0000,0
187,shower head,1,1551,306,200,106,1351,0.1207,0.1289,0.6536,1351
188,keyboard piano,1,7180,21733,475,21258,6705,0.0167,0.0662,0.0219,6705
189,case of water bottles,1,15169,63625,2122,61503,13047,0.0277,0.1399,0.0334,13047
190,coat rack,1,668,28650,252,28398,416,0.0087,0.3772,0.0088,416
191,storage organizer,1,0,170907,0,170907,0,0.0000,0.0000,0.0000,0
192,folded chair,1,4700,168283,3751,164532,949,0.0222,0.7981,0.0223,949
193,fire alarm,1,61,1471,0,1471,61,0.0000,0.0000,0.0000,61
194,power strip,1,39,146,0,146,39,0.0000,0.0000,0.0000,39
195,calendar,1,895,23,0,23,895,0.0000,0.0000,0.0000,895
196,poster,1,22905,59968,1760,58208,21145,0.0217,0.0768,0.0293,21145
197,potted plant,1,1792,2891,0,2891,1792,0.0000,0.0000,0.0000,1792
198,luggage,1,0,47395,0,47395,0,0.0000,0.0000,0.0000,0
199,mattress,1,67227,21950,0,21950,67227,0.0000,0.0000,0.0000,67227
