epoch,train_loss_epoch,val_loss,val_miou_present_gt,val_head,val_common,val_tail,val_dead_classes
0,4.832,4.612,0.02480,0.04910,0.01830,0.00740,89
1,4.013,3.844,0.04220,0.08740,0.03210,0.01460,76
2,3.564,3.451,0.06080,0.12340,0.05180,0.02580,64
3,3.218,3.122,0.07910,0.15620,0.07040,0.03420,53
4,2.957,2.864,0.09340,0.17830,0.08910,0.04180,45
5,2.788,2.671,0.10620,0.19430,0.10320,0.04930,39
6,2.643,2.518,0.11420,0.20310,0.11180,0.05460,36
7,2.521,2.395,0.12170,0.21040,0.11840,0.06180,34
8,2.413,2.291,0.12730,0.21620,0.12420,0.06510,32
9,2.302,2.188,0.13070,0.21840,0.12940,0.06740,31
10,2.198,2.094,0.13410,0.22180,0.13420,0.06920,30
11,2.119,2.021,0.13790,0.22510,0.13800,0.07170,29
12,2.041,1.948,0.14180,0.22840,0.14180,0.07420,28
13,1.977,1.885,0.14550,0.23120,0.14500,0.07670,28
14,1.913,1.821,0.14920,0.23410,0.14830,0.07920,27
15,1.857,1.767,0.15380,0.23870,0.15220,0.08270,26
16,1.802,1.713,0.15840,0.24320,0.15620,0.08620,25
17,1.755,1.668,0.16270,0.24620,0.16020,0.08900,24
18,1.708,1.623,0.16710,0.24920,0.16420,0.09180,22
19,1.675,1.592,0.16950,0.25120,0.16730,0.09390,22
20,1.642,1.561,0.17180,0.25330,0.17040,0.09610,21
21,1.605,1.524,0.17430,0.25530,0.17230,0.09880,20
22,1.568,1.488,0.17670,0.25720,0.17430,0.10140,20
23,1.531,1.451,0.17920,0.25920,0.17620,0.10410,19
24,1.506,1.426,0.18170,0.26160,0.17870,0.10720,18
25,1.481,1.402,0.18420,0.26410,0.18120,0.11040,17
26,1.455,1.377,0.18580,0.26550,0.18250,0.11230,16
27,1.430,1.353,0.18750,0.26700,0.18380,0.11430,16
28,1.404,1.328,0.18910,0.26840,0.18510,0.11620,15
29,1.381,1.305,0.19110,0.27010,0.18620,0.11900,14
30,1.358,1.282,0.19310,0.27180,0.18740,0.12180,14
31,1.336,1.261,0.19450,0.27290,0.18840,0.12400,14
32,1.314,1.241,0.19600,0.27400,0.18940,0.12610,13
33,1.292,1.220,0.19740,0.27510,0.19040,0.12830,13
34,1.268,1.197,0.19940,0.27660,0.19180,0.13120,12
35,1.243,1.174,0.20140,0.27810,0.19320,0.13410,12
36,1.223,1.155,0.20260,0.27890,0.19420,0.13590,12
37,1.202,1.137,0.20390,0.27960,0.19510,0.13760,11
38,1.182,1.118,0.20510,0.28040,0.19610,0.13940,11
39,1.162,1.100,0.20650,0.28140,0.19720,0.14130,10
40,1.142,1.082,0.20780,0.28240,0.19830,0.14320,10
41,1.125,1.066,0.20870,0.28300,0.19890,0.14480,10
42,1.109,1.050,0.20950,0.28360,0.19950,0.14650,9
43,1.092,1.034,0.21040,0.28420,0.20010,0.14810,9
44,1.075,1.018,0.21160,0.28520,0.20080,0.15000,8
45,1.058,1.001,0.21270,0.28620,0.20140,0.15180,8
46,1.043,0.986,0.21350,0.28670,0.20170,0.15330,8
47,1.027,0.972,0.21430,0.28730,0.20210,0.15470,7
48,1.012,0.957,0.21510,0.28780,0.20240,0.15620,7
49,1.000,0.945,0.21590,0.28820,0.20280,0.15770,7
50,0.987,0.932,0.21680,0.28860,0.20320,0.15920,7
51,0.976,0.922,0.21730,0.28900,0.20340,0.16020,7
52,0.965,0.911,0.21790,0.28930,0.20360,0.16110,6
53,0.954,0.901,0.21840,0.28970,0.20380,0.16210,6
54,0.941,0.889,0.21900,0.29000,0.20400,0.16360,6
55,0.928,0.876,0.21960,0.29040,0.20420,0.16510,6
56,0.916,0.865,0.22000,0.29070,0.20430,0.16620,6
57,0.904,0.853,0.22040,0.29100,0.20450,0.16720,5
58,0.892,0.842,0.22080,0.29130,0.20460,0.16830,5
59,0.883,0.833,0.22130,0.29170,0.20480,0.16980,5
60,0.873,0.823,0.22180,0.29210,0.20510,0.17140,5
61,0.864,0.815,0.22160,0.29210,0.20500,0.17110,5
62,0.854,0.807,0.22150,0.29200,0.20490,0.17090,5
63,0.845,0.799,0.22130,0.29200,0.20480,0.17060,5
64,0.834,0.788,0.22090,0.29190,0.20450,0.16990,5
65,0.823,0.778,0.22050,0.29180,0.20430,0.16920,5
66,0.815,0.770,0.22100,0.29230,0.20460,0.17150,5
67,0.806,0.762,0.22160,0.29270,0.20480,0.17380,4
68,0.798,0.754,0.22210,0.29320,0.20510,0.17610,4
69,0.790,0.746,0.22320,0.29370,0.20570,0.17870,4
70,0.781,0.738,0.22420,0.29420,0.20620,0.18130,4
71,0.775,0.733,0.22470,0.29430,0.20640,0.18190,4
72,0.768,0.727,0.22510,0.29440,0.20660,0.18250,4
73,0.762,0.722,0.22560,0.29450,0.20680,0.18310,4
74,0.752,0.712,0.22620,0.29460,0.20700,0.18370,4
75,0.742,0.703,0.22680,0.29480,0.20710,0.18430,4
76,0.735,0.697,0.22730,0.29490,0.20690,0.18550,4
77,0.729,0.691,0.22780,0.29490,0.20670,0.18660,4
78,0.722,0.685,0.22830,0.29500,0.20650,0.18780,4
79,0.714,0.678,0.22880,0.29510,0.20630,0.18900,4
80,0.706,0.671,0.22940,0.29510,0.20620,0.19020,3
81,0.701,0.666,0.23000,0.29520,0.20640,0.19120,3
82,0.695,0.661,0.23050,0.29520,0.20660,0.19210,3
83,0.690,0.656,0.23110,0.29530,0.20680,0.19310,3
84,0.682,0.649,0.23140,0.29540,0.20700,0.19370,3
85,0.674,0.642,0.23180,0.29540,0.20710,0.19430,3
86,0.669,0.637,0.23210,0.29550,0.20720,0.19480,3
87,0.665,0.633,0.23240,0.29550,0.20730,0.19530,3
88,0.658,0.626,0.23270,0.29550,0.20740,0.19620,3
89,0.650,0.620,0.23320,0.29570,0.20760,0.19580,2
90,0.642,0.611,0.23390,0.29580,0.20780,0.19510,2
91,0.638,0.607,0.23430,0.29610,0.20810,0.19710,2
92,0.633,0.604,0.23510,0.29620,0.20830,0.19790,2
93,0.628,0.602,0.23460,0.29620,0.20820,0.19740,2
94,0.622,0.598,0.23450,0.29610,0.20820,0.19720,2
95,0.618,0.594,0.23440,0.29610,0.20810,0.19740,2
96,0.612,0.590,0.23430,0.29600,0.20800,0.19780,2
97,0.607,0.587,0.23420,0.29600,0.20800,0.19760,2
98,0.604,0.585,0.23400,0.29600,0.20800,0.19780,2
99,0.602,0.583,0.23410,0.29600,0.20800,0.19780,2